Name	Matches	Overs	Maiden	Runs Conceded	Total Wickets	Average	Economy Rate	Strike Rate	Runs per over	Maximum Wickets	Minimum Wickets	
Yuvraj	3	2	2	2	6	0.3333333333333333	1.0	2.0	1.0	2		2
Ashwin	5	10	2	35	22	1.5909090909090908	3.5	2.727272727272727	3.5	7		2
AAdith	3	4	5	6	6	1.0	1.5	4.0	1.5	3		1
Gokul	3	4	5	6	6	1.0	1.5	4.0	1.5	3		1
